date,yhat,region,category
1/1/18,631.2255158,Central,Furniture
1/9/18,655.1647569,Central,Furniture
1/12/18,520.8141844,Central,Furniture
1/13/18,723.2805124,Central,Furniture
1/16/18,495.9712896,Central,Furniture
1/23/18,374.1028648,Central,Furniture
1/30/18,351.9838646,Central,Furniture
2/1/18,441.4241957,Central,Furniture
2/10/18,517.8280591,Central,Furniture
2/12/18,277.5017957,Central,Furniture
2/16/18,244.0586684,Central,Furniture
2/17/18,459.8993637,Central,Furniture
3/2/18,199.7366345,Central,Furniture
3/3/18,437.0513864,Central,Furniture
3/8/18,446.2999113,Central,Furniture
3/9/18,311.2301376,Central,Furniture
3/12/18,367.2558381,Central,Furniture
3/13/18,458.5870172,Central,Furniture
3/18/18,473.4622058,Central,Furniture
3/20/18,543.9749015,Central,Furniture
3/21/18,707.0643781,Central,Furniture
3/25/18,482.2684983,Central,Furniture
3/26/18,457.8335213,Central,Furniture
3/27/18,521.0183729,Central,Furniture
3/31/18,623.2283672,Central,Furniture
4/3/18,418.3222477,Central,Furniture
4/6/18,297.928473,Central,Furniture
4/9/18,249.8924421,Central,Furniture
4/20/18,164.9391893,Central,Furniture
4/26/18,331.6214898,Central,Furniture
4/27/18,183.2274,Central,Furniture
5/7/18,294.3934516,Central,Furniture
5/14/18,396.3128816,Central,Furniture
5/18/18,439.3752349,Central,Furniture
5/22/18,524.0199316,Central,Furniture
5/27/18,443.0656036,Central,Furniture
5/28/18,416.435991,Central,Furniture
5/29/18,478.0424392,Central,Furniture
5/30/18,625.2065107,Central,Furniture
6/5/18,384.3686123,Central,Furniture
6/11/18,257.2469385,Central,Furniture
6/13/18,484.0454238,Central,Furniture
6/19/18,343.9482325,Central,Furniture
6/22/18,294.7279945,Central,Furniture
6/26/18,390.6152212,Central,Furniture
6/29/18,329.8106921,Central,Furniture
6/30/18,556.6900153,Central,Furniture
7/5/18,470.9350313,Central,Furniture
7/9/18,291.4711258,Central,Furniture
7/20/18,321.5072758,Central,Furniture
7/21/18,562.2264661,Central,Furniture
7/22/18,366.7859073,Central,Furniture
7/25/18,640.8061428,Central,Furniture
7/29/18,510.7472132,Central,Furniture
8/4/18,814.1691792,Central,Furniture
8/9/18,740.4561459,Central,Furniture
8/12/18,560.4952708,Central,Furniture
8/17/18,436.2710526,Central,Furniture
8/26/18,272.6971369,Central,Furniture
9/2/18,282.4295886,Central,Furniture
9/6/18,483.7874551,Central,Furniture
9/7/18,347.7990913,Central,Furniture
9/10/18,401.4932351,Central,Furniture
9/12/18,667.9130411,Central,Furniture
9/17/18,490.8330949,Central,Furniture
9/22/18,718.4945701,Central,Furniture
9/24/18,475.1632785,Central,Furniture
9/25/18,538.3179462,Central,Furniture
10/3/18,598.501429,Central,Furniture
10/8/18,317.8744396,Central,Furniture
10/10/18,538.1045764,Central,Furniture
10/11/18,458.1677598,Central,Furniture
10/13/18,523.905149,Central,Furniture
10/19/18,298.3463306,Central,Furniture
10/21/18,317.3208938,Central,Furniture
10/22/18,303.7235771,Central,Furniture
10/24/18,543.6080402,Central,Furniture
10/30/18,420.4812146,Central,Furniture
11/5/18,408.9511386,Central,Furniture
11/9/18,461.3304201,Central,Furniture
11/12/18,493.6167436,Central,Furniture
11/13/18,576.2397536,Central,Furniture
11/17/18,755.203097,Central,Furniture
11/18/18,543.9978413,Central,Furniture
11/19/18,525.6463647,Central,Furniture
11/23/18,495.8929282,Central,Furniture
11/25/18,479.2004554,Central,Furniture
11/26/18,443.8736854,Central,Furniture
11/27/18,496.2827029,Central,Furniture
12/6/18,380.8826807,Central,Furniture
12/10/18,179.9543403,Central,Furniture
12/11/18,250.3489118,Central,Furniture
12/14/18,195.3371934,Central,Furniture
12/18/18,336.1320352,Central,Furniture
12/21/18,345.6767862,Central,Furniture
12/22/18,601.2253084,Central,Furniture
12/28/18,541.8169692,Central,Furniture
12/29/18,789.2443723,Central,Furniture
12/30/18,595.5658938,Central,Furniture
12/31/18,593.7847817,Central,Furniture
1/1/19,677.9315841,Central,Furniture
1/2/19,844.9387977,Central,Furniture
1/3/19,773.1612738,Central,Furniture
1/4/19,618.5923007,Central,Furniture
1/5/19,840.8227582,Central,Furniture
1/6/19,621.3716009,Central,Furniture
1/7/19,593.7805225,Central,Furniture
1/8/19,652.6113304,Central,Furniture
1/9/19,795.3078933,Central,Furniture
1/10/19,700.7044336,Central,Furniture
1/11/19,525.2303947,Central,Furniture
1/12/19,728.8595654,Central,Furniture
1/13/19,493.4319721,Central,Furniture
1/14/19,452.741606,Central,Furniture
1/15/19,501.5286854,Central,Furniture
1/16/19,637.3384348,Central,Furniture
1/17/19,539.0282217,Central,Furniture
1/18/19,362.973296,Central,Furniture
1/19/19,569.0187727,Central,Furniture
1/20/19,338.8062766,Central,Furniture
1/21/19,305.8681727,Central,Furniture
1/22/19,364.6278929,Central,Furniture
1/23/19,512.2681123,Central,Furniture
1/24/19,427.2483495,Central,Furniture
1/25/19,265.5219491,Central,Furniture
1/26/19,486.4997746,Central,Furniture
1/27/19,271.3887131,Central,Furniture
1/28/19,253.2975942,Central,Furniture
1/29/19,326.2487216,Central,Furniture
1/30/19,487.0564727,Central,Furniture
1/31/19,413.8542699,Central,Furniture
2/1/19,262.3196361,Central,Furniture
2/2/19,491.6444643,Central,Furniture
2/3/19,282.8784367,Central,Furniture
2/4/19,269.0380853,Central,Furniture
2/5/19,344.1196271,Central,Furniture
2/6/19,504.9770156,Central,Furniture
2/7/19,429.8465513,Central,Furniture
2/8/19,274.5678518,Central,Furniture
2/9/19,498.5484423,Central,Furniture
2/10/19,283.1000819,Central,Furniture
2/11/19,261.5395284,Central,Furniture
2/12/19,328.1921197,Central,Furniture
2/13/19,480.2598823,Central,Furniture
2/14/19,396.3357915,Central,Furniture
2/15/19,232.6142769,Central,Furniture
2/16/19,448.8455253,Central,Furniture
2/17/19,226.6619794,Central,Furniture
2/18/19,199.6700016,Central,Furniture
2/19/19,262.4453251,Central,Furniture
2/20/19,412.3942154,Central,Furniture
2/21/19,328.2621455,Central,Furniture
2/22/19,166.3402166,Central,Furniture
2/23/19,386.4169695,Central,Furniture
2/24/19,170.1040344,Central,Furniture
2/25/19,150.928593,Central,Furniture
2/26/19,223.3312273,Central,Furniture
2/27/19,384.530996,Central,Furniture
2/28/19,313.03941,Central,Furniture
3/1/19,164.8733752,Central,Furniture
3/2/19,399.5145511,Central,Furniture
3/3/19,198.2433513,Central,Furniture
3/4/19,194.2403164,Central,Furniture
3/5/19,281.5931846,Central,Furniture
3/6/19,457.1712387,Central,Furniture
3/7/19,399.1483504,Central,Furniture
3/8/19,263.2245414,Central,Furniture
3/9/19,508.5932852,Central,Furniture
3/10/19,316.2825681,Central,Furniture
3/11/19,319.2622641,Central,Furniture
3/12/19,411.4560048,Central,Furniture
3/13/19,589.6190158,Central,Furniture
3/14/19,531.8632718,Central,Furniture
3/15/19,393.8797616,Central,Furniture
3/16/19,634.9050982,Central,Furniture
3/17/19,436.0605434,Central,Furniture
3/18/19,430.4560896,Central,Furniture
3/19/19,512.1979003,Central,Furniture
3/20/19,678.260732,Central,Furniture
3/21/19,607.0068636,Central,Furniture
3/22/19,454.4015202,Central,Furniture
3/23/19,679.97223,Central,Furniture
3/24/19,465.1403996,Central,Furniture
3/25/19,443.3179602,Central,Furniture
3/26/19,508.907596,Central,Furniture
3/27/19,659.1683682,Central,Furniture
3/28/19,572.7284409,Central,Furniture
1/1/18,721.8429218,East,Furniture
1/9/18,529.4867778,East,Furniture
1/12/18,549.975535,East,Furniture
1/19/18,242.9684981,East,Furniture
1/20/18,275.7509612,East,Furniture
2/3/18,434.64049,East,Furniture
2/5/18,408.6984836,East,Furniture
2/9/18,584.1118093,East,Furniture
2/11/18,380.0821137,East,Furniture
2/17/18,652.3165839,East,Furniture
3/4/18,36.50470182,East,Furniture
3/5/18,250.8271244,East,Furniture
3/6/18,177.4761578,East,Furniture
3/7/18,241.239204,East,Furniture
3/9/18,397.320883,East,Furniture
3/10/18,498.441636,East,Furniture
3/16/18,623.1913601,East,Furniture
3/24/18,666.3194227,East,Furniture
3/26/18,488.7253668,East,Furniture
3/27/18,354.4840221,East,Furniture
3/31/18,372.587832,East,Furniture
4/10/18,-29.08352326,East,Furniture
4/12/18,319.6407359,East,Furniture
4/14/18,290.9704797,East,Furniture
4/17/18,230.8420984,East,Furniture
4/20/18,517.9294873,East,Furniture
4/21/18,632.2856263,East,Furniture
4/22/18,367.6310043,East,Furniture
4/29/18,502.8442344,East,Furniture
5/10/18,546.9403391,East,Furniture
5/11/18,339.0996359,East,Furniture
5/12/18,369.1688012,East,Furniture
5/13/18,27.77834057,East,Furniture
5/14/18,199.4306493,East,Furniture
5/18/18,179.0228555,East,Furniture
5/21/18,144.6381642,East,Furniture
5/25/18,244.4569034,East,Furniture
5/28/18,257.8788007,East,Furniture
6/2/18,425.1639751,East,Furniture
6/3/18,119.9974433,East,Furniture
6/11/18,268.0723994,East,Furniture
6/19/18,185.0226986,East,Furniture
6/21/18,525.7683689,East,Furniture
6/24/18,196.1966087,East,Furniture
6/25/18,426.4241846,East,Furniture
6/27/18,433.2191222,East,Furniture
6/29/18,583.5538431,East,Furniture
6/30/18,673.4052784,East,Furniture
7/7/18,682.4460012,East,Furniture
7/11/18,386.9092471,East,Furniture
7/13/18,388.6314,East,Furniture
7/14/18,405.4196261,East,Furniture
7/15/18,46.32524794,East,Furniture
7/16/18,196.5475735,East,Furniture
7/17/18,55.74283714,East,Furniture
7/18/18,50.59105237,East,Furniture
7/20/18,72.49315237,East,Furniture
7/25/18,-73.9081902,East,Furniture
7/27/18,64.39513613,East,Furniture
8/5/18,334.2207899,East,Furniture
8/7/18,566.1377109,East,Furniture
8/10/18,846.2716067,East,Furniture
8/11/18,946.1754676,East,Furniture
8/12/18,661.7372052,East,Furniture
8/17/18,883.5690414,East,Furniture
8/18/18,920.9927726,East,Furniture
8/21/18,596.5804477,East,Furniture
8/22/18,587.7219894,East,Furniture
8/25/18,605.7234101,East,Furniture
8/27/18,415.9276296,East,Furniture
9/9/18,412.7194828,East,Furniture
9/10/18,668.5171953,East,Furniture
9/11/18,631.1859668,East,Furniture
9/14/18,917.3443459,East,Furniture
9/15/18,1024.657352,East,Furniture
9/16/18,749.4198647,East,Furniture
9/18/18,897.3709831,East,Furniture
9/20/18,1202.440999,East,Furniture
9/22/18,1064.067781,East,Furniture
9/24/18,880.807623,East,Furniture
9/25/18,738.1158952,East,Furniture
9/29/18,687.4625673,East,Furniture
10/3/18,259.0725356,East,Furniture
10/4/18,465.119828,East,Furniture
10/12/18,131.6854032,East,Furniture
10/16/18,118.8351832,East,Furniture
10/19/18,394.2070984,East,Furniture
10/20/18,510.3970829,East,Furniture
10/23/18,445.1156218,East,Furniture
10/30/18,573.6291817,East,Furniture
11/2/18,664.2201937,East,Furniture
11/3/18,706.4402181,East,Furniture
11/12/18,358.5945279,East,Furniture
11/13/18,256.2605649,East,Furniture
11/17/18,484.7022879,East,Furniture
11/19/18,427.2483583,East,Furniture
11/20/18,367.4775448,East,Furniture
11/21/18,444.1379493,East,Furniture
11/23/18,623.2993244,East,Furniture
11/24/18,734.3896191,East,Furniture
11/26/18,713.6156887,East,Furniture
11/28/18,739.2671312,East,Furniture
11/30/18,898.6675775,East,Furniture
12/1/18,989.908897,East,Furniture
12/5/18,865.2903579,East,Furniture
12/6/18,1122.878923,East,Furniture
12/8/18,994.5034303,East,Furniture
12/10/18,841.6099572,East,Furniture
12/13/18,966.4985294,East,Furniture
12/14/18,769.3373746,East,Furniture
12/17/18,648.7635121,East,Furniture
12/18/18,534.6632636,East,Furniture
12/22/18,690.0683678,East,Furniture
12/23/18,380.0807849,East,Furniture
12/24/18,582.2676199,East,Furniture
12/25/18,494.5169239,East,Furniture
12/30/18,438.7098843,East,Furniture
12/31/18,648.3475619,East,Furniture
1/1/19,562.6723983,East,Furniture
1/2/19,606.2797356,East,Furniture
1/3/19,870.3340576,East,Furniture
1/4/19,698.9855136,East,Furniture
1/5/19,757.7016401,East,Furniture
1/6/19,436.048974,East,Furniture
1/7/19,617.761743,East,Furniture
1/8/19,501.1773406,East,Furniture
1/9/19,511.8423256,East,Furniture
1/10/19,741.9568134,East,Furniture
1/11/19,536.75909,East,Furniture
1/12/19,562.8236339,East,Furniture
1/13/19,210.8082704,East,Furniture
1/14/19,365.4886925,East,Furniture
1/15/19,226.1611034,East,Furniture
1/16/19,219.217724,East,Furniture
1/17/19,437.5639724,East,Furniture
1/18/19,226.9799839,East,Furniture
1/19/19,254.400376,East,Furniture
1/20/19,-89.35144777,East,Furniture
1/21/19,80.46419366,East,Furniture
1/22/19,-37.09507601,East,Furniture
1/23/19,-16.07305052,East,Furniture
1/24/19,235.8133477,East,Furniture
1/25/19,63.55236501,East,Furniture
1/26/19,133.1391437,East,Furniture
1/27/19,-165.663464,East,Furniture
1/28/19,50.7328731,East,Furniture
1/29/19,-19.82321367,East,Furniture
1/30/19,47.3928981,East,Furniture
1/31/19,343.4460167,East,Furniture
2/1/19,212.1551256,East,Furniture
2/2/19,318.4295227,East,Furniture
2/3/19,51.06173555,East,Furniture
2/4/19,292.8141176,East,Furniture
2/5/19,240.8783525,East,Furniture
2/6/19,319.5109365,East,Furniture
2/7/19,619.5116685,East,Furniture
2/8/19,484.6459973,East,Furniture
2/9/19,579.9833129,East,Furniture
2/10/19,294.6857283,East,Furniture
2/11/19,512.0843573,East,Furniture
2/12/19,430.1226064,East,Furniture
2/13/19,473.9700123,East,Furniture
2/14/19,735.4742823,East,Furniture
2/15/19,559.5531564,East,Furniture
2/16/19,612.4990698,East,Furniture
2/17/19,284.732149,East,Furniture
2/18/19,460.8395999,East,Furniture
2/19/19,339.9820951,East,Furniture
2/20/19,348.4717803,East,Furniture
2/21/19,579.1906217,East,Furniture
2/22/19,377.9517101,East,Furniture
2/23/19,411.7774142,East,Furniture
2/24/19,71.63070294,East,Furniture
2/25/19,242.4383518,East,Furniture
2/26/19,123.4871239,East,Furniture
2/27/19,140.9978643,East,Furniture
2/28/19,387.5463549,East,Furniture
3/1/19,208.433487,East,Furniture
3/2/19,269.9783934,East,Furniture
3/3/19,-37.72956731,East,Furniture
3/4/19,169.2181406,East,Furniture
3/5/19,88.97549159,East,Furniture
3/6/19,146.5495312,East,Furniture
3/7/19,433.2572438,East,Furniture
3/8/19,293.1331572,East,Furniture
3/9/19,391.2602262,East,Furniture
3/10/19,116.5587763,East,Furniture
3/11/19,351.870532,East,Furniture
3/12/19,294.4170373,East,Furniture
3/13/19,368.4355759,East,Furniture
3/14/19,664.6596157,East,Furniture
3/15/19,526.7445761,East,Furniture
3/16/19,619.6109155,East,Furniture
3/17/19,332.2389468,East,Furniture
3/18/19,547.7522224,East,Furniture
3/19/19,463.8687988,East,Furniture
3/20/19,505.5236841,East,Furniture
3/21/19,764.3298754,East,Furniture
3/22/19,584.9793382,East,Furniture
3/23/19,633.5566385,East,Furniture
3/24/19,300.3004879,East,Furniture
3/25/19,469.6510037,East,Furniture
3/26/19,340.6630433,East,Furniture
3/27/19,339.5900173,East,Furniture
3/28/19,559.3067103,East,Furniture
3/29/19,345.6735728,East,Furniture
3/30/19,365.8162639,East,Furniture
1/1/18,1380.047151,National,Furniture
1/4/18,1324.336844,National,Furniture
1/5/18,1281.283815,National,Furniture
1/9/18,1176.953795,National,Furniture
1/10/18,1069.66708,National,Furniture
1/11/18,1093.625701,National,Furniture
1/12/18,1029.246758,National,Furniture
1/13/18,1115.915939,National,Furniture
1/16/18,884.638498,National,Furniture
1/19/18,759.4785046,National,Furniture
1/20/18,863.2661991,National,Furniture
1/21/18,543.7013475,National,Furniture
1/23/18,706.3707917,National,Furniture
1/26/18,676.6261622,National,Furniture
1/28/18,526.0174328,National,Furniture
1/30/18,747.8437685,National,Furniture
2/1/18,784.7522853,National,Furniture
2/2/18,783.9632804,National,Furniture
2/3/18,934.594648,National,Furniture
2/4/18,656.5894611,National,Furniture
2/5/18,884.7392201,National,Furniture
2/9/18,893.5410357,National,Furniture
2/10/18,1028.183083,National,Furniture
2/11/18,731.3413898,National,Furniture
2/12/18,938.4374583,National,Furniture
2/13/18,914.2727216,National,Furniture
2/16/18,854.851958,National,Furniture
2/17/18,967.9168146,National,Furniture
2/19/18,841.4144658,National,Furniture
2/20/18,803.1233921,National,Furniture
2/25/18,524.2606987,National,Furniture
2/26/18,722.2622166,National,Furniture
3/2/18,664.2102171,National,Furniture
3/3/18,797.6370437,National,Furniture
3/4/18,505.9014026,National,Furniture
3/5/18,724.1307501,National,Furniture
3/6/18,716.6421279,National,Furniture
3/7/18,661.5342453,National,Furniture
3/8/18,740.6721798,National,Furniture
3/9/18,733.1873835,National,Furniture
3/10/18,877.1257815,National,Furniture
3/11/18,592.5276366,National,Furniture
3/12/18,814.2543711,National,Furniture
3/13/18,806.4685196,National,Furniture
3/16/18,799.5624165,National,Furniture
3/18/18,626.683887,National,Furniture
3/19/18,828.5386289,National,Furniture
3/20/18,799.1137021,National,Furniture
3/21/18,717.1040826,National,Furniture
3/23/18,723.2154853,National,Furniture
3/24/18,830.4104452,National,Furniture
3/25/18,507.8417726,National,Furniture
3/26/18,691.5084447,National,Furniture
3/27/18,646.7283515,National,Furniture
3/28/18,552.7015736,National,Furniture
3/30/18,546.3492836,National,Furniture
3/31/18,653.6097733,National,Furniture
4/3/18,495.9225577,National,Furniture
4/5/18,478.6065883,National,Furniture
4/6/18,455.7060098,National,Furniture
4/9/18,518.7881771,National,Furniture
4/10/18,515.769888,National,Furniture
4/11/18,467.0109119,National,Furniture
4/12/18,554.4327732,National,Furniture
4/13/18,557.1880705,National,Furniture
4/14/18,713.3062205,National,Furniture
4/15/18,442.77188,National,Furniture
4/16/18,680.3512973,National,Furniture
4/17/18,690.072795,National,Furniture
4/20/18,743.7280754,National,Furniture
4/21/18,895.054658,National,Furniture
4/22/18,615.4883897,National,Furniture
4/23/18,840.0854912,National,Furniture
4/25/18,773.415047,National,Furniture
4/26/18,842.8286502,National,Furniture
4/27/18,821.2275016,National,Furniture
4/29/18,642.1197891,National,Furniture
4/30/18,841.2314192,National,Furniture
5/5/18,846.6195081,National,Furniture
5/7/18,720.9725829,National,Furniture
5/10/18,654.7404394,National,Furniture
5/11/18,622.2379454,National,Furniture
5/12/18,743.9359514,National,Furniture
5/13/18,440.6604416,National,Furniture
5/14/18,647.9534475,National,Furniture
5/15/18,630.5335141,National,Furniture
5/18/18,626.9103009,National,Furniture
5/19/18,768.3257411,National,Furniture
5/20/18,483.6684175,National,Furniture
5/21/18,707.9258914,National,Furniture
5/22/18,705.3196962,National,Furniture
5/23/18,653.9006627,National,Furniture
5/25/18,729.4054256,National,Furniture
5/27/18,588.4666366,National,Furniture
5/28/18,808.8824697,National,Furniture
5/29/18,799.279038,National,Furniture
5/30/18,737.9561371,National,Furniture
6/2/18,914.2624958,National,Furniture
6/3/18,611.5640375,National,Furniture
6/5/18,786.0213314,National,Furniture
6/6/18,706.9662697,National,Furniture
6/7/18,759.4070515,National,Furniture
6/8/18,723.4295282,National,Furniture
6/10/18,524.4631062,National,Furniture
6/11/18,718.4371547,National,Furniture
6/13/18,603.6124291,National,Furniture
6/15/18,624.0014471,National,Furniture
6/16/18,744.8581029,National,Furniture
6/17/18,439.954305,National,Furniture
6/18/18,644.8578904,National,Furniture
6/19/18,624.3315191,National,Furniture
6/21/18,624.8820951,National,Furniture
6/22/18,607.7597273,National,Furniture
6/24/18,453.7392297,National,Furniture
6/25/18,672.2682498,National,Furniture
6/26/18,663.8524994,National,Furniture
6/27/18,606.6524034,National,Furniture
6/29/18,671.109938,National,Furniture
6/30/18,810.2995395,National,Furniture
7/4/18,659.6174384,National,Furniture
7/5/18,726.7503937,National,Furniture
7/7/18,832.3969557,National,Furniture
7/8/18,530.3398007,National,Furniture
7/9/18,734.2535625,National,Furniture
7/10/18,709.1202322,National,Furniture
7/11/18,633.8363748,National,Furniture
7/12/18,691.1737752,National,Furniture
7/13/18,661.2517842,National,Furniture
7/14/18,783.1549639,National,Furniture
7/15/18,477.9806075,National,Furniture
7/16/18,681.6322915,National,Furniture
7/17/18,659.2666249,National,Furniture
7/18/18,589.8581666,National,Furniture
7/20/18,638.1524281,National,Furniture
7/21/18,774.7067674,National,Furniture
7/22/18,486.5932998,National,Furniture
7/25/18,659.6314241,National,Furniture
7/26/18,747.8163342,National,Furniture
7/27/18,751.4260145,National,Furniture
7/29/18,639.6913006,National,Furniture
7/31/18,891.7763197,National,Furniture
8/1/18,854.8537362,National,Furniture
8/4/18,1113.397021,National,Furniture
8/5/18,839.0212354,National,Furniture
8/6/18,1068.9124,National,Furniture
8/7/18,1067.287285,National,Furniture
8/9/18,1086.019238,National,Furniture
8/10/18,1067.935239,National,Furniture
8/11/18,1196.585982,National,Furniture
8/12/18,892.6299591,National,Furniture
8/13/18,1091.655032,National,Furniture
8/14/18,1058.638691,National,Furniture
8/17/18,969.8686172,National,Furniture
8/18/18,1072.884071,National,Furniture
8/21/18,880.06368,National,Furniture
8/22/18,784.7203674,National,Furniture
8/23/18,824.2617112,National,Furniture
8/25/18,888.5979072,National,Furniture
8/26/18,573.9396617,National,Furniture
8/27/18,771.0961638,National,Furniture
8/28/18,745.1868097,National,Furniture
8/29/18,675.0655384,National,Furniture
8/31/18,729.566247,National,Furniture
9/2/18,592.3264274,National,Furniture
9/5/18,795.1608848,National,Furniture
9/6/18,893.7678787,National,Furniture
9/7/18,907.3387847,National,Furniture
9/9/18,812.6401706,National,Furniture
9/10/18,1058.741988,National,Furniture
9/11/18,1075.863685,National,Furniture
9/12/18,1041.741305,National,Furniture
9/14/18,1143.554606,National,Furniture
9/15/18,1296.463346,National,Furniture
9/16/18,1016.799537,National,Furniture
9/17/18,1239.575505,National,Furniture
9/18/18,1229.193775,National,Furniture
9/19/18,1164.033588,National,Furniture
9/20/18,1226.424634,National,Furniture
9/22/18,1311.979032,National,Furniture
9/23/18,994.9122326,National,Furniture
9/24/18,1180.791093,National,Furniture
9/25/18,1134.842895,National,Furniture
9/26/18,1036.227517,National,Furniture
9/28/18,1010.536421,National,Furniture
9/29/18,1103.228053,National,Furniture
10/2/18,884.3922892,National,Furniture
10/3/18,781.7743236,National,Furniture
10/4/18,814.4945636,National,Furniture
10/6/18,865.7026574,National,Furniture
10/7/18,544.2564103,National,Furniture
10/8/18,734.1372363,National,Furniture
10/9/18,700.2142616,National,Furniture
10/10/18,621.1077606,National,Furniture
10/11/18,679.162725,National,Furniture
10/12/18,653.9386487,National,Furniture
10/13/18,783.848557,National,Furniture
10/14/18,489.231161,National,Furniture
10/15/18,705.1715068,National,Furniture
10/16/18,695.976427,National,Furniture
10/19/18,711.3140654,National,Furniture
10/20/18,856.4620856,National,Furniture
10/21/18,574.1091288,National,Furniture
10/22/18,799.2896244,National,Furniture
10/23/18,796.353537,National,Furniture
10/24/18,743.5554548,National,Furniture
10/26/18,814.2911952,National,Furniture
10/27/18,955.8448674,National,Furniture
10/28/18,668.2717197,National,Furniture
10/30/18,876.8823158,National,Furniture
11/2/18,872.7856529,National,Furniture
11/3/18,1008.138236,National,Furniture
11/5/18,930.4623366,National,Furniture
11/6/18,918.0654977,National,Furniture
11/9/18,916.7640897,National,Furniture
11/11/18,768.5593292,National,Furniture
11/12/18,989.7220253,National,Furniture
11/13/18,984.1955586,National,Furniture
11/14/18,930.4319784,National,Furniture
11/15/18,1010.654339,National,Furniture
11/16/18,1004.345884,National,Furniture
11/17/18,1149.887884,National,Furniture
11/18/18,867.6300635,National,Furniture
11/19/18,1092.709073,National,Furniture
11/20/18,1089.52136,National,Furniture
11/21/18,1036.314593,National,Furniture
11/23/18,1105.497029,National,Furniture
11/24/18,1245.677128,National,Furniture
11/25/18,956.1338664,National,Furniture
11/26/18,1172.151348,National,Furniture
11/27/18,1158.343346,National,Furniture
11/28/18,1093.238709,National,Furniture
11/29/18,1159.255221,National,Furniture
11/30/18,1136.184855,National,Furniture
12/1/18,1262.823621,National,Furniture
12/5/18,1063.472681,National,Furniture
12/6/18,1121.639369,National,Furniture
12/8/18,1216.521921,National,Furniture
12/9/18,913.3233757,National,Furniture
12/10/18,1119.198051,National,Furniture
12/11/18,1099.199259,National,Furniture
12/13/18,1100.754972,National,Furniture
12/14/18,1084.76984,National,Furniture
12/15/18,1222.929867,National,Furniture
12/16/18,935.8538484,National,Furniture
12/17/18,1158.880389,National,Furniture
12/18/18,1156.529667,National,Furniture
12/19/18,1107.085782,National,Furniture
12/21/18,1192.243642,National,Furniture
12/22/18,1344.226524,National,Furniture
12/23/18,1068.593507,National,Furniture
12/24/18,1300.18595,National,Furniture
12/25/18,1303.091567,National,Furniture
12/28/18,1331.649327,National,Furniture
12/29/18,1473.075523,National,Furniture
12/30/18,1182.806529,National,Furniture
12/31/18,1395.856562,National,Furniture
1/1/19,1376.59722,National,Furniture
1/2/19,1303.348637,National,Furniture
1/3/19,1358.358681,National,Furniture
1/4/19,1321.293007,National,Furniture
1/5/19,1430.869056,National,Furniture
1/6/19,1107.918014,National,Furniture
1/7/19,1288.190455,National,Furniture
1/8/19,1236.812391,National,Furniture
1/9/19,1132.856393,National,Furniture
1/10/19,1159.300548,National,Furniture
1/11/19,1096.498676,National,Furniture
1/12/19,1183.795417,National,Furniture
1/13/19,842.570784,National,Furniture
1/14/19,1009.030383,National,Furniture
1/15/19,948.6484939,National,Furniture
1/16/19,840.7290282,National,Furniture
1/17/19,868.3574758,National,Furniture
1/18/19,811.8674459,National,Furniture
1/19/19,910.4555532,National,Furniture
1/20/19,585.2292714,National,Furniture
1/21/19,772.003868,National,Furniture
1/22/19,735.7554552,National,Furniture
1/23/19,655.194907,National,Furniture
1/24/19,712.7353907,National,Furniture
1/25/19,687.976706,National,Furniture
1/26/19,819.3396829,National,Furniture
1/27/19,527.1347196,National,Furniture
1/28/19,746.3799992,National,Furniture
1/29/19,741.2758246,National,Furniture
1/30/19,689.7992227,National,Furniture
1/31/19,773.6909885,National,Furniture
2/1/19,771.9578117,National,Furniture
2/2/19,922.5222366,National,Furniture
2/3/19,645.3041001,National,Furniture
2/4/19,875.0486231,National,Furniture
2/5/19,875.8073186,National,Furniture
2/6/19,825.5356856,National,Furniture
2/7/19,906.0797757,National,Furniture
2/8/19,896.6742925,National,Furniture
2/9/19,1035.585097,National,Furniture
2/10/19,743.17998,National,Furniture
2/11/19,954.7431853,National,Furniture
2/12/19,934.9402431,National,Furniture
2/13/19,862.397543,National,Furniture
2/14/19,919.6692581,National,Furniture
2/15/19,886.7148473,National,Furniture
2/16/19,1002.520597,National,Furniture
2/17/19,688.1496726,National,Furniture
2/18/19,879.5367497,National,Furniture
2/19/19,841.9343646,National,Furniture
2/20/19,754.4759343,National,Furniture
2/21/19,800.1285341,National,Furniture
2/22/19,759.1590605,National,Furniture
2/23/19,870.7475635,National,Furniture
2/24/19,556.032444,National,Furniture
2/25/19,750.9037259,National,Furniture
2/26/19,720.451562,National,Furniture
2/27/19,643.5348637,National,Furniture
2/28/19,702.7429634,National,Furniture
3/1/19,677.8736744,National,Furniture
3/2/19,807.5611769,National,Furniture
3/3/19,512.3379956,National,Furniture
3/4/19,727.4467841,National,Furniture
3/5/19,717.3085297,National,Furniture
3/6/19,660.111489,National,Furniture
3/7/19,737.7931697,National,Furniture
3/8/19,729.5381239,National,Furniture
3/9/19,873.4244069,National,Furniture
3/10/19,589.5024205,National,Furniture
3/11/19,812.6213642,National,Furniture
3/12/19,806.9094766,National,Furniture
3/13/19,750.3720277,National,Furniture
3/14/19,824.8791109,National,Furniture
3/15/19,809.6658303,National,Furniture
3/16/19,942.9776678,National,Furniture
3/17/19,645.1447789,National,Furniture
3/18/19,851.4005752,National,Furniture
3/19/19,826.351003,National,Furniture
3/20/19,748.5587998,National,Furniture
3/21/19,800.515176,National,Furniture
3/22/19,762.1219889,National,Furniture
3/23/19,872.3177165,National,Furniture
3/24/19,552.1315456,National,Furniture
3/25/19,737.481521,National,Furniture
3/26/19,693.6237595,National,Furniture
3/27/19,599.7175956,National,Furniture
3/28/19,638.7796615,National,Furniture
3/29/19,591.1504819,National,Furniture
3/30/19,696.1073432,National,Furniture
1/1/18,929.7940423,West,Furniture
1/4/18,773.1988818,West,Furniture
1/9/18,910.0662258,West,Furniture
1/10/18,920.4563274,West,Furniture
1/11/18,806.0450843,West,Furniture
1/12/18,953.215471,West,Furniture
1/16/18,849.2050249,West,Furniture
1/21/18,630.7793852,West,Furniture
1/28/18,417.0606321,West,Furniture
1/30/18,459.7783493,West,Furniture
2/2/18,456.6884444,West,Furniture
2/4/18,292.9858397,West,Furniture
2/9/18,451.8428032,West,Furniture
2/10/18,461.2540689,West,Furniture
2/11/18,334.6887185,West,Furniture
2/12/18,539.7298166,West,Furniture
2/13/18,463.3968813,West,Furniture
2/19/18,677.3020303,West,Furniture
2/20/18,598.9274887,West,Furniture
2/26/18,740.8979344,West,Furniture
3/3/18,653.9137977,West,Furniture
3/7/18,545.40928,West,Furniture
3/8/18,413.6893074,West,Furniture
3/9/18,546.3462469,West,Furniture
3/10/18,523.4833559,West,Furniture
3/11/18,362.8199854,West,Furniture
3/12/18,532.7107026,West,Furniture
3/19/18,456.9555481,West,Furniture
3/21/18,371.1979748,West,Furniture
3/23/18,420.0044702,West,Furniture
3/28/18,426.7288453,West,Furniture
3/30/18,492.9049292,West,Furniture
4/5/18,409.1332192,West,Furniture
4/9/18,632.415001,West,Furniture
4/13/18,596.2857335,West,Furniture
4/15/18,449.2608493,West,Furniture
4/16/18,634.7863025,West,Furniture
4/17/18,536.600181,West,Furniture
4/21/18,566.9703529,West,Furniture
4/22/18,420.1759308,West,Furniture
4/23/18,602.7009059,West,Furniture
4/25/18,506.5033579,West,Furniture
4/27/18,535.6165159,West,Furniture
4/30/18,560.6355101,West,Furniture
5/5/18,481.5934398,West,Furniture
5/10/18,300.5421362,West,Furniture
5/12/18,440.1054797,West,Furniture
5/14/18,479.028669,West,Furniture
5/15/18,381.4808202,West,Furniture
5/19/18,430.0478377,West,Furniture
5/20/18,291.6550484,West,Furniture
5/23/18,411.8610935,West,Furniture
5/27/18,346.4388371,West,Furniture
5/30/18,485.1435228,West,Furniture
6/6/18,554.7245025,West,Furniture
6/7/18,448.1832824,West,Furniture
6/10/18,461.4343538,West,Furniture
6/11/18,647.4081854,West,Furniture
6/13/18,553.0767488,West,Furniture
6/16/18,564.7051809,West,Furniture
6/17/18,411.9860216,West,Furniture
6/18/18,587.9778717,West,Furniture
6/25/18,505.6278534,West,Furniture
6/27/18,406.7774557,West,Furniture
6/30/18,437.8259703,West,Furniture
7/8/18,362.2060313,West,Furniture
7/9/18,564.4134815,West,Furniture
7/10/18,484.0456447,West,Furniture
7/14/18,588.9702116,West,Furniture
7/17/18,573.4886317,West,Furniture
7/18/18,591.7564863,West,Furniture
7/21/18,643.4364051,West,Furniture
7/26/18,483.7848093,West,Furniture
7/27/18,630.9712472,West,Furniture
7/29/18,473.4675845,West,Furniture
7/31/18,552.8414993,West,Furniture
8/1/18,556.6384967,West,Furniture
8/6/18,621.4686217,West,Furniture
8/7/18,526.095882,West,Furniture
8/12/18,450.0725985,West,Furniture
8/14/18,556.9860707,West,Furniture
8/18/18,636.1560292,West,Furniture
8/21/18,606.1490221,West,Furniture
8/22/18,620.4618008,West,Furniture
8/27/18,703.8784749,West,Furniture
8/28/18,604.1644817,West,Furniture
8/29/18,608.2952543,West,Furniture
8/31/18,633.4936626,West,Furniture
9/2/18,469.662761,West,Furniture
9/5/18,541.5497817,West,Furniture
9/9/18,402.1710222,West,Furniture
9/11/18,483.8102704,West,Furniture
9/12/18,490.5127357,West,Furniture
9/15/18,527.1929838,West,Furniture
9/17/18,580.3749759,West,Furniture
9/19/18,507.2918035,West,Furniture
9/23/18,435.9340364,West,Furniture
9/24/18,632.4834075,West,Furniture
9/26/18,563.658448,West,Furniture
9/28/18,617.6244607,West,Furniture
9/29/18,619.5111766,West,Furniture
10/2/18,578.142503,West,Furniture
10/6/18,617.0186466,West,Furniture
10/9/18,550.3024719,West,Furniture
10/11/18,433.8311401,West,Furniture
10/12/18,578.9281755,West,Furniture
10/14/18,419.8376272,West,Furniture
10/15/18,601.3895337,West,Furniture
10/19/18,541.1505718,West,Furniture
10/21/18,395.5495063,West,Furniture
10/22/18,584.9796021,West,Furniture
10/27/18,562.0207372,West,Furniture
10/30/18,536.1813106,West,Furniture
11/2/18,610.0254984,West,Furniture
11/5/18,671.0631804,West,Furniture
11/6/18,580.119547,West,Furniture
11/9/18,636.9571443,West,Furniture
11/11/18,490.6191152,West,Furniture
11/13/18,577.8969481,West,Furniture
11/14/18,584.0333101,West,Furniture
11/16/18,615.0715278,West,Furniture
11/19/18,641.6807597,West,Furniture
11/20/18,541.2129718,West,Furniture
11/21/18,546.3090325,West,Furniture
11/24/18,572.1762844,West,Furniture
11/25/18,428.1062964,West,Furniture
11/27/18,518.5866025,West,Furniture
11/30/18,572.6748419,West,Furniture
12/5/18,551.6243033,West,Furniture
12/8/18,607.9161475,West,Furniture
12/9/18,473.1380594,West,Furniture
12/11/18,580.2530811,West,Furniture
12/13/18,493.5421098,West,Furniture
12/14/18,653.9917361,West,Furniture
12/15/18,658.8833521,West,Furniture
12/16/18,525.5892106,West,Furniture
12/18/18,636.0920161,West,Furniture
12/19/18,655.7158192,West,Furniture
12/22/18,725.1415611,West,Furniture
12/24/18,795.8056461,West,Furniture
12/28/18,807.5869476,West,Furniture
12/29/18,819.5095972,West,Furniture
12/30/18,693.1286602,West,Furniture
12/31/18,896.243456,West,Furniture
1/1/19,816.1018817,West,Furniture
1/2/19,840.7051667,West,Furniture
1/3/19,742.5685127,West,Furniture
1/4/19,907.9330289,West,Furniture
1/5/19,916.2133403,West,Furniture
1/6/19,784.4543109,West,Furniture
1/7/19,980.3658516,West,Furniture
1/8/19,891.1462586,West,Furniture
1/9/19,904.7910621,West,Furniture
1/10/19,793.8566691,West,Furniture
1/11/19,944.6740824,West,Furniture
1/12/19,936.7969836,West,Furniture
1/13/19,787.4575627,West,Furniture
1/14/19,964.5990471,West,Furniture
1/15/19,855.6953968,West,Furniture
1/16/19,849.0552049,West,Furniture
1/17/19,717.5791895,West,Furniture
1/18/19,847.9666931,West,Furniture
1/19/19,820.1556462,West,Furniture
1/20/19,651.7695779,West,Furniture
1/21/19,811.140845,West,Furniture
1/22/19,686.1207897,West,Furniture
1/23/19,665.3741128,West,Furniture
1/24/19,522.1271057,West,Furniture
1/25/19,643.3654101,West,Furniture
1/26/19,609.2660054,West,Furniture
1/27/19,437.6372324,West,Furniture
1/28/19,596.9362302,West,Furniture
1/29/19,475.0746683,West,Furniture
1/30/19,460.7102045,West,Furniture
1/31/19,326.9934114,West,Furniture
2/1/19,460.7659018,West,Furniture
2/2/19,441.994369,West,Furniture
2/3/19,288.214324,West,Furniture
2/4/19,467.5528324,West,Furniture
2/5/19,367.5410192,West,Furniture
2/6/19,376.4136161,West,Furniture
2/7/19,266.8651037,West,Furniture
2/8/19,425.2579558,West,Furniture
2/9/19,431.0674547,West,Furniture
2/10/19,301.3365919,West,Furniture
2/11/19,503.7100777,West,Furniture
2/12/19,425.2579467,West,Furniture
2/13/19,453.7857515,West,Furniture
2/14/19,361.6006279,West,Furniture
2/15/19,534.7284883,West,Furniture
2/16/19,552.3665823,West,Furniture
2/17/19,431.3447445,West,Furniture
2/18/19,639.1641921,West,Furniture
2/19/19,562.8242373,West,Furniture
2/20/19,590.1338316,West,Furniture
2/21/19,493.4771931,West,Furniture
2/22/19,659.0287878,West,Furniture
2/23/19,666.2019667,West,Furniture
2/24/19,532.104681,West,Furniture
2/25/19,724.5712856,West,Furniture
2/26/19,630.9809784,West,Furniture
2/27/19,639.5600099,West,Furniture
2/28/19,523.1371533,West,Furniture
3/1/19,668.3479695,West,Furniture
3/2/19,655.0724431,West,Furniture
3/3/19,500.8796904,West,Furniture
3/4/19,674.0490276,West,Furniture
3/5/19,562.3782158,West,Furniture
3/6/19,554.4762646,West,Furniture
3/7/19,423.5105182,West,Furniture
3/8/19,556.4037514,West,Furniture
3/9/19,533.2660209,West,Furniture
3/10/19,371.8350957,West,Furniture
3/11/19,540.4948435,West,Furniture
3/12/19,427.0824269,West,Furniture
3/13/19,420.1816953,West,Furniture
3/14/19,292.8724456,West,Furniture
3/15/19,431.9311985,West,Furniture
3/16/19,417.2681056,West,Furniture
3/17/19,266.3736566,West,Furniture
3/18/19,447.3443707,West,Furniture
3/19/19,347.6981157,West,Furniture
3/20/19,355.6762076,West,Furniture
3/21/19,244.0017225,West,Furniture
3/22/19,399.0894209,West,Furniture
3/23/19,400.4916548,West,Furniture
3/24/19,265.3536932,West,Furniture
3/25/19,461.4474286,West,Furniture
3/26/19,375.9939132,West,Furniture
3/27/19,396.9717029,West,Furniture
3/28/19,296.8803045,West,Furniture
3/29/19,461.9540161,West,Furniture
1/4/18,568.168375,South,Furniture
1/5/18,633.3829899,South,Furniture
1/26/18,780.2619896,South,Furniture
1/30/18,887.6700965,South,Furniture
2/4/18,739.6751344,South,Furniture
2/10/18,815.6993416,South,Furniture
2/11/18,646.2059065,South,Furniture
2/12/18,552.0166273,South,Furniture
2/25/18,455.6395593,South,Furniture
3/6/18,562.8903653,South,Furniture
3/7/18,412.7188452,South,Furniture
3/11/18,344.8775318,South,Furniture
3/27/18,244.8164646,South,Furniture
3/31/18,281.5222927,South,Furniture
4/6/18,369.8173738,South,Furniture
4/9/18,286.4217899,South,Furniture
4/11/18,426.6381242,South,Furniture
4/14/18,626.0645498,South,Furniture
4/23/18,383.1802349,South,Furniture
4/30/18,237.5732288,South,Furniture
5/18/18,543.3959682,South,Furniture
5/19/18,628.1195254,South,Furniture
5/28/18,553.1252364,South,Furniture
5/30/18,637.4076404,South,Furniture
6/2/18,744.6338869,South,Furniture
6/7/18,503.6628177,South,Furniture
6/8/18,555.0976819,South,Furniture
6/11/18,306.9165359,South,Furniture
6/15/18,384.9094712,South,Furniture
6/16/18,423.1494745,South,Furniture
6/26/18,348.4451545,South,Furniture
6/30/18,360.2142379,South,Furniture
7/4/18,241.8394274,South,Furniture
7/10/18,412.3568477,South,Furniture
7/12/18,285.0645885,South,Furniture
7/15/18,278.472921,South,Furniture
7/17/18,437.4399821,South,Furniture
7/21/18,446.8747699,South,Furniture
7/27/18,397.7763468,South,Furniture
8/4/18,442.0566784,South,Furniture
8/13/18,201.9729104,South,Furniture
8/21/18,497.3905172,South,Furniture
8/23/18,393.4489057,South,Furniture
9/5/18,580.8058847,South,Furniture
9/9/18,563.9313268,South,Furniture
9/17/18,365.1930677,South,Furniture
9/18/18,572.397286,South,Furniture
9/26/18,290.2607211,South,Furniture
10/4/18,278.1666868,South,Furniture
10/7/18,282.209376,South,Furniture
10/12/18,416.4677671,South,Furniture
10/13/18,479.5307419,South,Furniture
10/16/18,490.4996834,South,Furniture
10/20/18,481.0788477,South,Furniture
10/21/18,323.9004275,South,Furniture
10/26/18,377.7024074,South,Furniture
10/28/18,265.974211,South,Furniture
10/30/18,403.9963345,South,Furniture
11/9/18,357.1114139,South,Furniture
11/11/18,282.3668279,South,Furniture
11/12/18,217.8799126,South,Furniture
11/15/18,346.8439438,South,Furniture
11/19/18,300.1077438,South,Furniture
11/20/18,538.4920285,South,Furniture
11/25/18,423.1748365,South,Furniture
11/29/18,457.7404286,South,Furniture
11/30/18,538.5070727,South,Furniture
12/6/18,489.3679423,South,Furniture
12/17/18,504.1070975,South,Furniture
12/22/18,768.0491292,South,Furniture
12/23/18,619.3629714,South,Furniture
12/24/18,544.7617867,South,Furniture
12/25/18,772.2635448,South,Furniture
12/29/18,749.369189,South,Furniture
12/30/18,588.3593135,South,Furniture
12/31/18,502.0476074,South,Furniture
1/1/19,718.7851096,South,Furniture
1/2/19,565.9825358,South,Furniture
1/3/19,558.5431824,South,Furniture
1/4/19,623.2024729,South,Furniture
1/5/19,668.2262735,South,Furniture
1/6/19,505.3215531,South,Furniture
1/7/19,419.4259172,South,Furniture
1/8/19,638.9418003,South,Furniture
1/9/19,491.2685452,South,Furniture
1/10/19,491.2342832,South,Furniture
1/11/19,565.4362646,South,Furniture
1/12/19,621.9417675,South,Furniture
1/13/19,472.203109,South,Furniture
1/14/19,400.8531816,South,Furniture
1/15/19,635.9471472,South,Furniture
1/16/19,504.5033188,South,Furniture
1/17/19,520.9449045,South,Furniture
1/18/19,611.4509926,South,Furniture
1/19/19,683.6686095,South,Furniture
1/20/19,548.6390596,South,Furniture
1/21/19,490.60465,South,Furniture
1/22/19,737.2611115,South,Furniture
1/23/19,615.3084372,South,Furniture
1/24/19,638.9015228,South,Furniture
1/25/19,734.0087281,South,Furniture
1/26/19,808.1299636,South,Furniture
1/27/19,672.2273326,South,Furniture
1/28/19,610.5342951,South,Furniture
1/29/19,850.8085854,South,Furniture
1/30/19,719.881579,South,Furniture
1/31/19,732.1055232,South,Furniture
2/1/19,813.7068381,South,Furniture
2/2/19,872.4972323,South,Furniture
2/3/19,719.7958532,South,Furniture
2/4/19,640.2286744,South,Furniture
2/5/19,861.9706257,South,Furniture
2/6/19,712.283463,South,Furniture
2/7/19,705.9511216,South,Furniture
2/8/19,769.6210941,South,Furniture
2/9/19,811.5039225,South,Furniture
2/10/19,643.2843549,South,Furniture
2/11/19,549.9106899,South,Furniture
2/12/19,759.8281034,South,Furniture
2/13/19,600.5092136,South,Furniture
2/14/19,586.8838432,South,Furniture
2/15/19,645.6766844,South,Furniture
2/16/19,685.1050707,South,Furniture
2/17/19,516.7904619,South,Furniture
2/18/19,425.55016,South,Furniture
2/19/19,639.6349902,South,Furniture
2/20/19,486.2660821,South,Furniture
2/21/19,480.0725326,South,Furniture
2/22/19,547.4384361,South,Furniture
2/23/19,596.2112136,South,Furniture
2/24/19,437.6245455,South,Furniture
2/25/19,356.1020927,South,Furniture
2/26/19,579.5073923,South,Furniture
2/27/19,434.6927041,South,Furniture
2/28/19,435.9482358,South,Furniture
3/1/19,509.3598894,South,Furniture
3/2/19,562.52714,South,Furniture
3/3/19,406.494066,South,Furniture
3/4/19,325.5594653,South,Furniture
3/5/19,547.5312471,South,Furniture
3/6/19,399.2777264,South,Furniture
3/7/19,395.1771658,South,Furniture
3/8/19,461.4736758,South,Furniture
3/9/19,505.9911271,South,Furniture
3/10/19,340.0581844,South,Furniture
3/11/19,248.3105608,South,Furniture
3/12/19,458.9358879,South,Furniture
3/13/19,299.2140948,South,Furniture
3/14/19,283.9549406,South,Furniture
3/15/19,339.8411523,South,Furniture
3/16/19,375.1291791,South,Furniture
3/17/19,201.561053,South,Furniture
3/18/19,104.153829,South,Furniture
3/19/19,311.4323763,South,Furniture
3/20/19,150.9587652,South,Furniture
3/21/19,137.7602211,South,Furniture
3/22/19,198.6643863,South,Furniture
3/23/19,241.9941434,South,Furniture
3/24/19,79.47567847,South,Furniture
3/25/19,-3.973608258,South,Furniture
3/26/19,219.9884911,South,Furniture
3/27/19,78.66152032,South,Furniture
3/28/19,86.73572897,South,Furniture
3/29/19,170.6348991,South,Furniture
